{"stats":{"minecraft:killed":{"minecraft:cave_spider":3,"minecraft:spider":6,"grimoireofgaia:minotaurus":1,"minecraft:skeleton":7,"alexsmobs:leafcutter_ant":2,"minecraft:chicken":1,"minecraft:piglin":10,"minecraft:parrot":1,"minecraft:pig":10,"minecraft:zombie_villager":1,"grimoireofgaia:cobblestone_golem":1,"minecraft:creeper":2,"minecraft:sheep":4,"minecraft:trader_llama":2,"minecraft:pillager":2,"minecraft:zombie":27,"grimoireofgaia:harpy":2,"alexsmobs:fly":1,"alexsmobs:komodo_dragon":1,"minecraft:cow":3,"grimoireofgaia:cecaelia":1,"minecraft:wandering_trader":1,"minecraft:hoglin":9,"alexsmobs:crocodile":1,"grimoireofgaia:werecat":1,"minecraft:enderman":1},"minecraft:used":{"minecraft:iron_shovel":1080,"minecraft:chiseled_deepslate":6,"minecraft:chest":25,"minecraft:shield":16,"minecraft:iron_sword":329,"minecraft:mutton":1,"minecraft:cocoa_beans":78,"minecraft:jungle_planks":4,"minecraft:carrot":166,"minecraft:milk_bucket":1,"minecraft:glass":46,"minecraft:crimson_roots":1,"minecraft:stone_bricks":1,"biomesoplenty:jacaranda_sapling":1,"minecraft:oak_sapling":25,"minecraft:furnace":9,"minecraft:egg":123,"minecraft:potato":28,"minecraft:diorite":7,"minecraft:oak_planks":453,"minecraft:stone_pickaxe":202,"minecraft:wooden_pickaxe":40,"minecraft:composter":5,"minecraft:white_wool":2,"biomesoplenty:jacaranda_planks":141,"minecraft:birch_fence":9,"minecraft:deepslate_tiles":67,"minecraft:bread":47,"minecraft:melon_slice":63,"minecraft:wooden_sword":67,"minecraft:coarse_dirt":4,"minecraft:oak_boat":2,"minecraft:bone_meal":62,"minecraft:oak_fence":93,"minecraft:crimson_fence":15,"minecraft:stone_shovel":1850,"minecraft:stone_hoe":21,"minecraft:cooked_chicken":1,"minecraft:netherrack":13,"minecraft:oak_door":4,"minecraft:torch":255,"minecraft:dirt":3452,"minecraft:warped_wart_block":5,"minecraft:white_carpet":6,"minecraft:granite":5,"minecraft:shroomlight":11,"minecraft:iron_hoe":141,"minecraft:wooden_axe":12,"alexsmobs:maggot":2,"minecraft:iron_axe":659,"minecraft:jungle_log":8,"connectedglass:borderless_glass":4,"minecraft:crimson_planks":142,"biomesoplenty:jacaranda_log":5,"minecraft:melon_seeds":1,"minecraft:bamboo":35,"minecraft:minecart":3,"tombstone:gift":4,"minecraft:cooked_beef":9,"minecraft:crimson_stem":15,"minecraft:wheat_seeds":47,"minecraft:cooked_mutton":5,"minecraft:water_bucket":16,"minecraft:birch_boat":3,"minecraft:spruce_sign":1,"minecraft:stonecutter":1,"minecraft:rail":97,"minecraft:terracotta":9,"minecraft:oak_slab":250,"minecraft:crafting_table":15,"minecraft:white_bed":15,"minecraft:apple":3,"minecraft:iron_pickaxe":756,"minecraft:stone_axe":261,"minecraft:enchanted_book":4,"farmersdelight:cooked_bacon":4,"minecraft:white_banner":2,"minecraft:cobblestone":75,"minecraft:porkchop":1,"minecraft:crimson_stairs":34,"minecraft:cooked_porkchop":42,"minecraft:bucket":22,"quark:oak_chest":5,"alexsmobs:animal_dictionary":7},"minecraft:mined":{"minecraft:white_bed":3,"alexsmobs:leafcutter_anthill":1,"minecraft:jungle_leaves":1,"minecraft:granite":28,"minecraft:acacia_log":7,"minecraft:grass_block":1624,"minecraft:jungle_log":9,"minecraft:composter":5,"minecraft:oxeye_daisy":4,"minecraft:spawner":2,"minecraft:weeping_vines_plant":2,"minecraft:raw_iron_block":2,"biomesoplenty:tall_lavender":1,"minecraft:glowstone":11,"minecraft:iron_ore":53,"minecraft:fire":1,"minecraft:deepslate_lapis_ore":2,"minecraft:azure_bluet":6,"biomesoplenty:hanging_cobweb":1,"minecraft:dirt_path":1,"biomesoplenty:webbing":7,"minecraft:white_banner":1,"biomesoplenty:jacaranda_leaves":4,"minecraft:deepslate_redstone_ore":10,"supplementaries:book_pile":3,"biomesoplenty:jacaranda_planks":37,"minecraft:crimson_nylium":2,"biomesoplenty:hanging_cobweb_strand":2,"minecraft:clay":1,"minecraft:torch":10,"minecraft:calcite":15,"minecraft:melon":13,"minecraft:poppy":3,"minecraft:chest":3,"minecraft:nether_quartz_ore":27,"minecraft:glass":2,"minecraft:oak_planks":58,"minecraft:sugar_cane":1,"minecraft:crimson_stairs":8,"minecraft:wall_torch":3,"minecraft:warped_nylium":5,"minecraft:birch_log":5,"minecraft:wheat":29,"minecraft:warped_fungus":1,"minecraft:grass":913,"minecraft:oak_log":281,"minecraft:sand":323,"minecraft:dirt":1117,"minecraft:crimson_planks":5,"minecraft:stonecutter":1,"minecraft:netherrack":33,"minecraft:oak_leaves":73,"minecraft:deepslate":27,"create:zinc_ore":8,"minecraft:deepslate_tiles":2,"minecraft:deepslate_diamond_ore":11,"minecraft:oak_door":2,"biomesoplenty:bush":2,"minecraft:crimson_roots":3,"alexsmobs:leafcutter_ant_chamber":3,"minecraft:crimson_stem":96,"minecraft:large_fern":5,"minecraft:hay_block":141,"biomesoplenty:jacaranda_log":38,"minecraft:furnace":2,"minecraft:carrots":36,"treechop:chopped_log":13,"minecraft:andesite":35,"minecraft:chiseled_deepslate":4,"evilcraft:dark_ore":2,"minecraft:bell":1,"minecraft:potatoes":5,"minecraft:shroomlight":4,"minecraft:deepslate_iron_ore":34,"minecraft:cobblestone_slab":1,"minecraft:rail":170,"biomesoplenty:spider_egg":1,"minecraft:stone":381,"sophisticatedbackpacks:backpack":1,"minecraft:white_wool":2,"minecraft:oak_slab":101,"minecraft:lily_of_the_valley":10,"minecraft:dandelion":25,"minecraft:oak_fence":3,"minecraft:crafting_table":8,"minecraft:cornflower":4,"minecraft:emerald_ore":1,"minecraft:warped_roots":2,"minecraft:copper_ore":6,"minecraft:tall_grass":161,"biomesoplenty:sprout":10,"minecraft:diorite":6,"minecraft:warped_wart_block":3,"supplementaries:urn":1,"minecraft:coarse_dirt":3,"minecraft:white_wall_banner":1,"minecraft:coal_ore":96,"minecraft:cocoa":50,"minecraft:gravel":1,"biomesoplenty:stringy_cobweb":1,"minecraft:cobweb":7,"minecraft:terracotta":8,"minecraft:crimson_fence":1,"minecraft:fern":133},"minecraft:dropped":{"minecraft:clay":1,"minecraft:iron_sword":1,"minecraft:porkchop":4,"minecraft:oak_log":1,"minecraft:crafting_table":2,"minecraft:weeping_vines":6,"minecraft:warped_roots":4,"minecraft:leather":6,"minecraft:rail":72,"minecraft:dirt":923,"minecraft:mutton":3,"minecraft:bone_meal":1,"minecraft:white_wool":8,"minecraft:gold_ingot":3,"minecraft:bone":1,"minecraft:oak_door":2,"minecraft:stone_axe":1,"alexsmobs:animal_dictionary":1,"minecraft:iron_nugget":11,"minecraft:twisting_vines":6,"minecraft:wheat":20,"minecraft:obsidian":3,"minecraft:rotten_flesh":17,"minecraft:oak_planks":23,"minecraft:azure_bluet":3,"minecraft:white_bed":1,"minecraft:gunpowder":2,"minecraft:glowstone":7,"minecraft:chest":2,"minecraft:arrow":4,"minecraft:warped_wart_block":23,"minecraft:bread":40,"minecraft:crimson_planks":298,"minecraft:iron_ingot":16,"minecraft:water_bucket":3,"minecraft:oak_slab":2,"minecraft:wheat_seeds":33,"minecraft:feather":6,"minecraft:oak_fence":16,"minecraft:book":1,"minecraft:cobblestone":463,"minecraft:apple":1,"minecraft:copper_ingot":18,"biomesoplenty:jacaranda_planks":8,"minecraft:stick":5,"minecraft:torch":73,"minecraft:nether_wart_block":2,"minecraft:melon_slice":7,"minecraft:iron_axe":4,"minecraft:iron_shovel":2,"minecraft:string":7,"minecraft:dandelion":1,"minecraft:warped_nylium":2,"minecraft:oak_trapdoor":2,"minecraft:coarse_dirt":9,"minecraft:chicken":3,"minecraft:oak_sign":9,"minecraft:lily_of_the_valley":6,"minecraft:shield":1,"minecraft:bundle":1,"minecraft:diamond_pickaxe":1,"minecraft:oak_sapling":33,"minecraft:spider_eye":6,"minecraft:wooden_pickaxe":1,"minecraft:bell":1,"minecraft:stone_pickaxe":2},"minecraft:custom":{"minecraft:animals_bred":14,"minecraft:interact_with_crafting_table":77,"minecraft:open_barrel":1,"minecraft:leave_game":11,"minecraft:time_since_death":579872,"minecraft:sprint_one_cm":2045559,"minecraft:damage_blocked_by_shield":690,"minecraft:drop":168,"minecraft:talked_to_villager":19,"minecraft:play_time":579872,"minecraft:jump":10951,"minecraft:walk_on_water_one_cm":74705,"minecraft:interact_with_furnace":112,"minecraft:interact_with_cartography_table":1,"minecraft:interact_with_loom":1,"minecraft:sleep_in_bed":20,"minecraft:waystone_activated":2,"minecraft:damage_dealt":22209,"minecraft:crouch_one_cm":36939,"tombstone:undead_killed":15,"minecraft:interact_with_smoker":6,"minecraft:use_cauldron":3,"minecraft:horse_one_cm":1368,"minecraft:interact_with_smithing_table":1,"minecraft:mob_kills":105,"minecraft:damage_dealt_resisted":43,"minecraft:climb_one_cm":11573,"minecraft:walk_one_cm":1762517,"minecraft:sneak_time":10400,"minecraft:walk_under_water_one_cm":37907,"minecraft:boat_one_cm":702843,"minecraft:interact_with_blast_furnace":5,"minecraft:total_world_time":579872,"tombstone:raider_killed":6,"minecraft:interact_with_grindstone":1,"minecraft:interact_with_stonecutter":6,"minecraft:time_since_rest":13816,"minecraft:damage_taken":4676,"minecraft:minecart_one_cm":10516,"minecraft:swim_one_cm":169355,"minecraft:fly_one_cm":2282170,"minecraft:open_chest":293,"minecraft:fall_one_cm":202320},"minecraft:crafted":{"minecraft:oak_planks":1092,"minecraft:oak_sign":9,"minecraft:birch_boat":1,"minecraft:cooked_chicken":1,"minecraft:cooked_mutton":5,"minecraft:glass":46,"minecraft:melon_seeds":1,"minecraft:chest":17,"minecraft:stone_hoe":1,"minecraft:oak_fence":132,"minecraft:oak_slab":228,"biomesoplenty:jacaranda_planks":128,"minecraft:cooked_porkchop":41,"minecraft:crafting_table":6,"minecraft:wooden_pickaxe":1,"minecraft:iron_helmet":1,"minecraft:birch_planks":44,"minecraft:iron_chestplate":2,"minecraft:purple_dye":2,"minecraft:chiseled_deepslate":4,"minecraft:shield":1,"minecraft:birch_fence":18,"minecraft:stick":252,"minecraft:iron_ingot":95,"minecraft:iron_pickaxe":4,"farmersdelight:cooked_bacon":4,"minecraft:shears":1,"minecraft:wooden_sword":1,"minecraft:oak_door":3,"minecraft:raw_iron":18,"minecraft:stone_shovel":14,"minecraft:furnace":7,"minecraft:bone_meal":27,"minecraft:white_carpet":6,"minecraft:oak_trapdoor":2,"minecraft:iron_axe":3,"minecraft:iron_hoe":1,"minecraft:stone_pickaxe":2,"minecraft:minecart":1,"minecraft:wheat":81,"minecraft:cooked_beef":4,"minecraft:crimson_planks":320,"minecraft:iron_sword":3,"minecraft:bucket":1,"minecraft:stone_axe":2,"minecraft:glowstone":7,"minecraft:bread":30,"minecraft:air":0,"minecraft:jungle_planks":4,"minecraft:oak_boat":1,"minecraft:crimson_stairs":28,"minecraft:wooden_axe":1,"minecraft:crimson_fence":30,"minecraft:iron_shovel":6,"minecraft:iron_leggings":1,"minecraft:white_bed":12,"minecraft:acacia_planks":28,"minecraft:torch":200},"minecraft:broken":{"minecraft:golden_helmet":1,"minecraft:iron_shovel":4,"minecraft:stone_pickaxe":1,"minecraft:wooden_sword":1,"minecraft:stone_axe":1,"minecraft:stone_shovel":13,"minecraft:iron_axe":2,"minecraft:iron_pickaxe":3},"minecraft:picked_up":{"minecraft:chiseled_deepslate":4,"minecraft:iron_chestplate":1,"minecraft:wheat":59,"minecraft:lead":11,"minecraft:enchanted_book":4,"minecraft:crimson_planks":5,"minecraft:music_disc_cat":1,"minecraft:string":17,"minecraft:raw_copper":18,"minecraft:iron_leggings":1,"connectedglass:borderless_glass":4,"biomesoplenty:tall_lavender":1,"minecraft:shroomlight":12,"minecraft:deepslate_tiles":2,"minecraft:cobbled_deepslate":27,"minecraft:crimson_fence":1,"delightful:acorn":21,"minecraft:calcite":15,"delightful:green_tea_leaf":9,"minecraft:melon_slice":60,"minecraft:iron_boots":1,"minecraft:furnace":2,"minecraft:stick":79,"minecraft:composter":5,"minecraft:oak_fence":23,"minecraft:torch":132,"minecraft:acacia_log":7,"minecraft:porkchop":39,"minecraft:diorite":10,"minecraft:rotten_flesh":31,"supplementaries:ash":6,"minecraft:obsidian":2,"minecraft:cobblestone":378,"paraglider:paraglider":1,"minecraft:birch_log":5,"minecraft:feather":12,"minecraft:cooked_beef":5,"minecraft:andesite":29,"minecraft:jungle_log":9,"minecraft:potato":18,"create:raw_zinc":10,"minecraft:lapis_lazuli":14,"minecraft:dirt":3619,"minecraft:twisting_vines":9,"minecraft:bone":3,"minecraft:stonecutter":1,"minecraft:wheat_seeds":297,"minecraft:bell":2,"minecraft:glowstone_dust":30,"minecraft:oak_planks":61,"minecraft:cooked_porkchop":5,"minecraft:warped_wart_block":37,"alexsmobs:crocodile_egg":1,"minecraft:sand":323,"minecraft:lily_of_the_valley":6,"alexsmobs:animal_dictionary":1,"grimoireofgaia:shiny_pearl":2,"minecraft:bundle":3,"minecraft:clay":1,"minecraft:diamond":11,"minecraft:crossbow":1,"minecraft:granite":22,"minecraft:spruce_sign":1,"minecraft:bread":22,"alexsmobs:maggot":2,"minecraft:oak_sapling":152,"minecraft:netherrack":29,"minecraft:crimson_roots":4,"minecraft:diamond_pickaxe":1,"minecraft:cocoa_beans":160,"minecraft:coarse_dirt":13,"minecraft:crafting_table":11,"minecraft:azure_bluet":9,"minecraft:chicken":4,"minecraft:brown_mushroom":3,"minecraft:wooden_pickaxe":2,"biomesoplenty:jacaranda_sapling":9,"minecraft:shield":1,"minecraft:cornflower":8,"minecraft:iron_axe":3,"minecraft:iron_shovel":2,"minecraft:beef":6,"minecraft:oak_boat":2,"minecraft:iron_nugget":18,"minecraft:poppy":7,"minecraft:minecart":2,"minecraft:sugar_cane":4,"minecraft:chest":5,"minecraft:phantom_membrane":1,"minecraft:egg":143,"minecraft:raw_iron":93,"minecraft:oak_door":3,"minecraft:copper_ingot":36,"sophisticatedbackpacks:backpack":1,"minecraft:carrot":149,"minecraft:redstone":46,"alexsmobs:crocodile_scute":2,"minecraft:arrow":11,"minecraft:weeping_vines":8,"biomesoplenty:jacaranda_log":63,"minecraft:shears":1,"minecraft:hay_block":134,"minecraft:mutton":9,"minecraft:rail":249,"minecraft:white_wool":59,"minecraft:oxeye_daisy":7,"minecraft:crimson_stem":94,"minecraft:leather":17,"minecraft:oak_log":465,"minecraft:nether_wart_block":3,"biomesoplenty:jacaranda_planks":45,"minecraft:gunpowder":2,"minecraft:white_banner":2,"tombstone:gift":1,"minecraft:apple":11,"minecraft:iron_ingot":3,"minecraft:stone_pickaxe":2,"minecraft:iron_sword":2,"minecraft:oak_slab":110,"minecraft:warped_fungus":1,"minecraft:milk_bucket":1,"minecraft:birch_boat":2,"minecraft:quartz":24,"minecraft:dandelion":47,"minecraft:raw_iron_block":2,"minecraft:crimson_stairs":8,"minecraft:white_bed":4,"quark:oak_chest":5,"minecraft:spider_eye":7,"minecraft:stone_axe":1,"evilcraft:dark_gem":10,"minecraft:warped_roots":7,"minecraft:terracotta":9,"minecraft:melon_seeds":1,"minecraft:warped_nylium":3,"minecraft:coal":99}},"DataVersion":3465}