{"stats":{"minecraft:crafted":{"evilcraft:dark_spike":8,"minecraft:oak_planks":208,"biomesoplenty:mahogany_planks":248,"minecraft:cooked_chicken":3,"minecraft:furnace":2,"biomesoplenty:mahogany_slab":6,"minecraft:oak_trapdoor":2,"evilcraft:dark_block":1,"minecraft:glass":3,"minecraft:iron_boots":1,"evilcraft:blood_extractor":3,"evilcraft:sanguinary_pedestal_0":1,"minecraft:ladder":6,"minecraft:stone_pickaxe":4,"evilcraft:darkened_apple":1,"minecraft:wooden_shovel":1,"minecraft:crafting_table":2,"minecraft:iron_helmet":1,"minecraft:stone_axe":1,"minecraft:bread":6,"minecraft:iron_chestplate":1,"minecraft:stick":68,"quark:oak_chest":6,"minecraft:iron_ingot":14,"minecraft:iron_pickaxe":1,"minecraft:stone_sword":1,"minecraft:torch":74},"minecraft:dropped":{"minecraft:ender_pearl":1,"aquaculture:minnow":1,"evilcraft:blood_extractor":1,"tombstone:grave_key":2,"minecraft:rose_bush":1,"aquaculture:perch":1,"minecraft:iron_boots":1,"aquaculture:bluegill":2,"minecraft:iron_chestplate":1,"biomesoplenty:mahogany_sapling":9,"minecraft:egg":16},"minecraft:broken":{"minecraft:stone_pickaxe":1},"minecraft:custom":{"minecraft:mob_kills":30,"minecraft:animals_bred":27,"minecraft:interact_with_crafting_table":41,"minecraft:leave_game":2,"minecraft:time_since_death":55113,"minecraft:climb_one_cm":25979,"minecraft:sprint_one_cm":190946,"minecraft:walk_one_cm":820169,"minecraft:drop":12,"minecraft:talked_to_villager":1,"minecraft:play_time":170358,"minecraft:deaths":2,"minecraft:sneak_time":1024,"minecraft:walk_under_water_one_cm":17563,"minecraft:jump":836,"minecraft:walk_on_water_one_cm":21825,"minecraft:total_world_time":170358,"minecraft:interact_with_furnace":21,"minecraft:sleep_in_bed":7,"minecraft:time_since_rest":8904,"minecraft:damage_taken":1257,"minecraft:damage_dealt":2159,"minecraft:swim_one_cm":13482,"minecraft:fly_one_cm":16520,"minecraft:open_chest":61,"minecraft:crouch_one_cm":2039,"tombstone:undead_killed":1,"minecraft:fall_one_cm":9517},"minecraft:used":{"minecraft:oak_trapdoor":5,"biomesoplenty:mahogany_planks":198,"minecraft:stone_sword":85,"biomesoplenty:mahogany_slab":6,"minecraft:ladder":11,"minecraft:wooden_shovel":10,"minecraft:iron_chestplate":1,"minecraft:torch":36,"minecraft:dirt":69,"minecraft:iron_axe":31,"minecraft:iron_boots":1,"minecraft:furnace":2,"tombstone:gift":3,"minecraft:egg":49,"minecraft:iron_leggings":1,"minecraft:wheat_seeds":59,"minecraft:stone_pickaxe":249,"minecraft:baked_potato":1,"minecraft:oak_planks":2,"minecraft:golden_apple":1,"minecraft:crafting_table":3,"minecraft:white_bed":1,"minecraft:bread":14,"minecraft:iron_pickaxe":628,"minecraft:stone_axe":107,"minecraft:cobblestone":32,"quark:oak_chest":8,"alexsmobs:animal_dictionary":2,"evilcraft:sanguinary_pedestal_0":2},"minecraft:mined":{"create:zinc_ore":18,"minecraft:white_bed":1,"minecraft:granite":14,"biomesoplenty:bush":1,"minecraft:grass_block":66,"evilcraft:sanguinary_pedestal_0":1,"minecraft:oak_trapdoor":2,"minecraft:furnace":1,"minecraft:iron_ore":14,"minecraft:andesite":103,"treechop:chopped_log":11,"evilcraft:dark_ore":5,"minecraft:stone":608,"quark:oak_chest":2,"minecraft:crafting_table":2,"biomesoplenty:mahogany_planks":5,"minecraft:rose_bush":2,"minecraft:copper_ore":31,"minecraft:tall_grass":1,"minecraft:cobblestone":4,"minecraft:oak_planks":1,"minecraft:diorite":7,"minecraft:wall_torch":8,"minecraft:wheat":60,"minecraft:grass":4,"minecraft:coal_ore":54,"minecraft:gravel":8,"minecraft:sand":10,"minecraft:dirt":59,"evilcraft:hardened_blood":3},"minecraft:killed_by":{"minecraft:skeleton":1,"grimoireofgaia:mimic":1},"minecraft:killed":{"aquaculture:bluegill":3,"aquaculture:gar":1,"minecraft:skeleton":1,"minecraft:chicken":11,"aquaculture:perch":1,"minecraft:sheep":9,"aquaculture:minnow":1,"minecraft:cow":3},"minecraft:picked_up":{"minecraft:crafting_table":2,"minecraft:iron_chestplate":1,"minecraft:wheat":57,"grimoireofgaia:soulfire":1,"minecraft:chicken":11,"biomesoplenty:jacaranda_sapling":15,"tombstone:grave_key":2,"minecraft:oak_trapdoor":2,"minecraft:raw_copper":103,"minecraft:iron_axe":1,"minecraft:iron_leggings":1,"minecraft:gold_nugget":1,"aquaculture:bluegill":2,"delightful:acorn":3,"minecraft:beef":6,"minecraft:rose_bush":1,"minecraft:iron_nugget":2,"quark:yellow_blossom_sapling":2,"delightful:green_tea_leaf":5,"evilcraft:blood_extractor":1,"minecraft:egg":80,"minecraft:iron_boots":1,"minecraft:furnace":1,"minecraft:raw_iron":14,"minecraft:stick":73,"minecraft:torch":33,"aquaculture:perch":1,"quark:blossom_log":26,"minecraft:diorite":7,"minecraft:arrow":2,"minecraft:rotten_flesh":3,"biomesoplenty:jacaranda_log":35,"biomesoplenty:mahogany_sapling":9,"minecraft:mutton":10,"minecraft:white_wool":7,"minecraft:cobblestone":608,"minecraft:feather":7,"minecraft:andesite":103,"minecraft:leather":4,"minecraft:potato":2,"create:raw_zinc":17,"minecraft:oak_log":55,"minecraft:dirt":120,"minecraft:bone":2,"minecraft:apple":1,"minecraft:wheat_seeds":150,"aquaculture:minnow":1,"minecraft:oak_planks":1,"biomesoplenty:mahogany_planks":5,"minecraft:gravel":8,"minecraft:sand":10,"evilcraft:sanguinary_pedestal_0":1,"minecraft:white_bed":1,"grimoireofgaia:box_iron":1,"quark:oak_chest":2,"biomesoplenty:mahogany_log":80,"evilcraft:dark_gem":23,"minecraft:granite":14,"minecraft:bread":19,"minecraft:baked_potato":4,"minecraft:oak_sapling":11,"minecraft:coal":68,"minecraft:ender_pearl":1}},"DataVersion":3465}