{"stats":{"minecraft:killed_by":{"grimoireofgaia:minotaurus":1,"grimoireofgaia:deathword":1,"minecraft:zombie":1,"grimoireofgaia:shaman":1},"minecraft:mined":{"minecraft:white_bed":9,"connectedglass:borderless_glass":6,"minecraft:cobblestone_stairs":10,"minecraft:jungle_leaves":109,"minecraft:brewing_stand":1,"minecraft:obsidian":13,"minecraft:granite":72,"minecraft:acacia_log":39,"minecraft:grass_block":618,"minecraft:jungle_log":23,"minecraft:composter":4,"minecraft:crimson_fungus":2,"minecraft:spawner":3,"minecraft:tall_seagrass":5,"minecraft:glowstone":15,"minecraft:iron_ore":105,"minecraft:cobbled_deepslate":18,"minecraft:fire":11,"minecraft:pumpkin":4,"minecraft:deepslate_lapis_ore":20,"minecraft:twisting_vines":2,"minecraft:pointed_dripstone":9,"biomesoplenty:webbing":2,"minecraft:deepslate_redstone_ore":5,"minecraft:brown_mushroom":6,"minecraft:red_bed":1,"minecraft:twisting_vines_plant":4,"supplementaries:book_pile":1,"minecraft:melon_stem":3,"biomesoplenty:jacaranda_planks":13,"minecraft:crimson_nylium":34,"minecraft:clay":1,"minecraft:torch":58,"minecraft:melon":38,"minecraft:chest":2,"minecraft:glass":38,"minecraft:nether_quartz_ore":18,"minecraft:cobblestone":73,"minecraft:oak_planks":226,"minecraft:sugar_cane":3,"minecraft:wall_torch":24,"minecraft:nether_wart_block":1,"minecraft:birch_log":35,"minecraft:wheat":54,"minecraft:warped_fungus":3,"minecraft:grass":372,"minecraft:oak_log":190,"minecraft:beetroots":1,"minecraft:dirt":684,"minecraft:netherrack":38,"minecraft:oak_leaves":1674,"minecraft:deepslate":211,"create:zinc_ore":27,"minecraft:nether_gold_ore":2,"minecraft:crying_obsidian":2,"minecraft:tuff":4,"minecraft:mossy_cobblestone":1,"minecraft:deepslate_diamond_ore":32,"minecraft:ladder":3,"minecraft:dark_oak_fence":12,"biomesoplenty:bush":4,"minecraft:crimson_roots":7,"minecraft:crimson_stem":5,"minecraft:large_fern":1,"minecraft:hay_block":58,"minecraft:oak_trapdoor":15,"minecraft:redstone_ore":5,"minecraft:furnace":15,"minecraft:carrots":24,"minecraft:raw_gold_block":1,"minecraft:andesite":72,"treechop:chopped_log":17,"evilcraft:dark_ore":3,"minecraft:peony":8,"minecraft:gold_block":1,"minecraft:potatoes":6,"minecraft:deepslate_iron_ore":88,"minecraft:shroomlight":7,"minecraft:vine":14,"minecraft:rail":1,"minecraft:warped_stem":6,"minecraft:bamboo":9,"minecraft:stone":1097,"minecraft:podzol":1,"minecraft:oak_slab":24,"minecraft:acacia_leaves":3,"minecraft:lily_of_the_valley":2,"minecraft:dandelion":3,"minecraft:oak_fence":5,"minecraft:crafting_table":17,"minecraft:cornflower":1,"minecraft:rose_bush":4,"minecraft:tall_grass":27,"minecraft:copper_ore":8,"minecraft:deepslate_gold_ore":64,"biomesoplenty:sprout":19,"minecraft:lapis_ore":10,"minecraft:diorite":68,"minecraft:warped_wart_block":58,"minecraft:coarse_dirt":11,"minecraft:torchflower":2,"minecraft:birch_leaves":19,"minecraft:coal_ore":231,"minecraft:cocoa":13,"minecraft:gravel":44,"minecraft:dripstone_block":51,"minecraft:cobweb":63,"minecraft:acacia_planks":1,"minecraft:gold_ore":1,"minecraft:fern":97},"minecraft:crafted":{"minecraft:oak_planks":937,"quark:birch_chest":1,"minecraft:cooked_chicken":6,"minecraft:cobblestone_stairs":100,"paraglider:deku_leaf":2,"connectedglass:borderless_glass":88,"minecraft:cooked_mutton":16,"minecraft:glass":290,"minecraft:hopper":8,"minecraft:bow":1,"minecraft:iron_boots":4,"minecraft:melon_seeds":4,"minecraft:chest":20,"minecraft:stone_hoe":1,"onlyhammersandexcavators:stone_hammer":1,"minecraft:oak_slab":18,"minecraft:cauldron":3,"aquaculture:worm_farm":1,"sophisticatedbackpacks:backpack":3,"minecraft:cooked_porkchop":38,"minecraft:crafting_table":31,"minecraft:iron_helmet":4,"minecraft:wooden_pickaxe":3,"minecraft:baked_potato":12,"minecraft:copper_ingot":18,"minecraft:birch_planks":24,"farmersdelight:cutting_board":1,"minecraft:book":2,"minecraft:iron_chestplate":3,"minecraft:paper":6,"minecraft:diamond_pickaxe":1,"minecraft:yellow_dye":3,"minecraft:shield":4,"minecraft:stick":241,"quark:oak_chest":19,"minecraft:iron_ingot":186,"minecraft:iron_pickaxe":8,"minecraft:stone_sword":2,"minecraft:acacia_door":3,"minecraft:gold_ingot":21,"aquaculture:iron_fishing_rod":1,"minecraft:shears":7,"minecraft:cookie":32,"minecraft:coal":9,"minecraft:iron_nugget":9,"minecraft:furnace":19,"minecraft:bone_meal":159,"minecraft:pink_dye":4,"minecraft:oak_trapdoor":22,"minecraft:flint_and_steel":1,"minecraft:lantern":1,"minecraft:iron_axe":4,"minecraft:ladder":15,"minecraft:iron_hoe":1,"minecraft:stone_pickaxe":5,"farmersdelight:rice":2,"sophisticatedbackpacks:iron_backpack":1,"minecraft:wheat":1650,"minecraft:cooked_beef":28,"minecraft:coal_block":7,"paraglider:paraglider":2,"minecraft:enchanting_table":1,"minecraft:iron_sword":5,"minecraft:cooked_salmon":15,"sophisticatedbackpacks:gold_backpack":1,"minecraft:bucket":7,"minecraft:stone_axe":2,"minecraft:glowstone":9,"minecraft:bread":557,"minecraft:air":0,"minecraft:jungle_planks":56,"minecraft:blue_dye":1,"minecraft:oak_fence_gate":11,"minecraft:oak_boat":11,"minecraft:raw_gold":9,"onlyhammersandexcavators:stone_excavator":1,"minecraft:wooden_axe":3,"minecraft:iron_shovel":5,"minecraft:iron_leggings":5,"minecraft:white_bed":3,"minecraft:acacia_planks":152,"minecraft:torch":252},"minecraft:killed":{"minecraft:cave_spider":8,"minecraft:zombified_piglin":1,"minecraft:witch":3,"minecraft:spider":18,"grimoireofgaia:minotaurus":2,"grimoireofgaia:cobble_golem":1,"minecraft:skeleton":55,"minecraft:chicken":6,"aquaculture:carp":3,"minecraft:cat":1,"grimoireofgaia:spriggan":1,"minecraft:piglin":2,"minecraft:pig":31,"minecraft:zombie_villager":2,"minecraft:salmon":37,"minecraft:iron_golem":4,"minecraft:creeper":8,"minecraft:sheep":15,"minecraft:trader_llama":2,"minecraft:pillager":11,"minecraft:zombie":78,"grimoireofgaia:harpy":3,"minecraft:glow_squid":1,"minecraft:cow":19,"alexsmobs:tasmanian_devil":1,"minecraft:slime":11,"minecraft:phantom":2,"grimoireofgaia:bee":1,"minecraft:drowned":7,"grimoireofgaia:cecaelia":1,"minecraft:wandering_trader":1,"minecraft:hoglin":2,"minecraft:squid":1,"minecraft:enderman":2},"minecraft:custom":{"minecraft:animals_bred":18,"minecraft:interact_with_crafting_table":211,"minecraft:open_barrel":1,"minecraft:leave_game":44,"minecraft:time_since_death":17875,"minecraft:sprint_one_cm":3211318,"minecraft:damage_blocked_by_shield":5970,"minecraft:drop":520,"minecraft:talked_to_villager":28,"minecraft:play_time":1528100,"minecraft:deaths":7,"minecraft:jump":20713,"minecraft:walk_on_water_one_cm":282084,"minecraft:enchant_item":6,"minecraft:interact_with_furnace":325,"minecraft:interact_with_cartography_table":1,"minecraft:sleep_in_bed":65,"minecraft:waystone_activated":2,"tombstone:sneak_grave":1,"minecraft:damage_dealt":57178,"minecraft:crouch_one_cm":115479,"tombstone:undead_killed":19,"tombstone:villager_killed":1,"minecraft:horse_one_cm":244638,"minecraft:mob_kills":354,"minecraft:inspect_hopper":4,"minecraft:climb_one_cm":34195,"minecraft:walk_one_cm":3208682,"minecraft:sneak_time":41161,"minecraft:walk_under_water_one_cm":250250,"minecraft:boat_one_cm":797269,"minecraft:total_world_time":1534970,"tombstone:raider_killed":4,"minecraft:interact_with_grindstone":1,"minecraft:interact_with_stonecutter":3,"minecraft:time_since_rest":16207,"minecraft:damage_taken":12455,"minecraft:swim_one_cm":659066,"minecraft:fly_one_cm":4628712,"minecraft:open_chest":531,"minecraft:fish_caught":3,"minecraft:fall_one_cm":339256},"minecraft:picked_up":{"minecraft:iron_chestplate":2,"minecraft:wheat":60,"minecraft:lead":2,"farmersdelight:rice_panicle":2,"minecraft:enchanted_book":4,"tombstone:grave_key":2,"minecraft:crimson_planks":298,"minecraft:brewing_stand":1,"minecraft:string":106,"minecraft:raw_copper":28,"minecraft:iron_leggings":1,"paraglider:deku_leaf":2,"minecraft:shroomlight":7,"minecraft:oak_sign":9,"minecraft:beetroot":1,"minecraft:gold_nugget":19,"minecraft:cobbled_deepslate":246,"minecraft:bucket":2,"delightful:acorn":13,"minecraft:rose_bush":4,"minecraft:iron_pickaxe":2,"minecraft:melon_slice":195,"delightful:green_tea_leaf":16,"evilcraft:blood_extractor":1,"minecraft:iron_boots":3,"minecraft:furnace":15,"minecraft:white_glazed_terracotta":2,"minecraft:stick":64,"minecraft:composter":4,"minecraft:oak_fence":5,"minecraft:torch":134,"minecraft:acacia_log":39,"minecraft:porkchop":64,"wardrobe:lantern_on_a_stick":1,"minecraft:pointed_dripstone":11,"tombstone:grave_dust":4,"minecraft:diorite":76,"minecraft:rotten_flesh":86,"minecraft:glowstone":7,"supplementaries:ash":3,"minecraft:obsidian":15,"minecraft:cod":1,"minecraft:cobblestone":1632,"minecraft:birch_log":41,"minecraft:feather":20,"minecraft:cooked_beef":7,"minecraft:jungle_log":22,"minecraft:water_bucket":2,"minecraft:andesite":84,"minecraft:potato":19,"minecraft:flint":6,"minecraft:tuff":7,"create:raw_zinc":27,"evilcraft:flesh_humanoid":1,"minecraft:lapis_lazuli":168,"minecraft:dirt":1680,"minecraft:twisting_vines":3,"minecraft:glass":1,"minecraft:bone":59,"minecraft:acacia_planks":39,"minecraft:bow":9,"minecraft:wheat_seeds":245,"minecraft:raw_gold":65,"minecraft:bamboo":61,"minecraft:glowstone_dust":80,"minecraft:powered_rail":2,"minecraft:oak_planks":254,"minecraft:cooked_porkchop":5,"delightful:matcha":2,"minecraft:warped_wart_block":54,"minecraft:ink_sac":2,"minecraft:grass_block":1,"minecraft:lily_of_the_valley":2,"grimoireofgaia:shiny_pearl":2,"minecraft:mossy_cobblestone":1,"minecraft:bundle":1,"minecraft:iron_hoe":1,"minecraft:sugar":4,"minecraft:clay":2,"minecraft:diamond":32,"minecraft:granite":85,"minecraft:bone_meal":1,"minecraft:grass":12,"minecraft:spruce_sign":1,"minecraft:bread":50,"minecraft:oak_sapling":87,"minecraft:netherrack":64,"minecraft:dark_oak_fence":10,"minecraft:oak_leaves":1420,"minecraft:crimson_roots":17,"minecraft:diamond_pickaxe":1,"minecraft:cocoa_beans":78,"minecraft:coarse_dirt":10,"minecraft:crafting_table":16,"minecraft:chicken":20,"minecraft:ladder":8,"minecraft:clay_ball":4,"minecraft:brown_mushroom":18,"minecraft:gold_block":1,"minecraft:cornflower":1,"minecraft:oak_trapdoor":16,"minecraft:red_bed":1,"minecraft:flint_and_steel":1,"minecraft:iron_shovel":1,"minecraft:beef":30,"minecraft:oak_boat":19,"minecraft:jungle_sapling":2,"minecraft:iron_nugget":8,"minecraft:poppy":10,"minecraft:light_gray_wool":1,"minecraft:minecart":4,"minecraft:sugar_cane":6,"minecraft:chest":2,"minecraft:birch_sapling":6,"minecraft:egg":456,"minecraft:phantom_membrane":1,"minecraft:raw_iron":194,"minecraft:raw_gold_block":1,"minecraft:oak_door":2,"minecraft:copper_ingot":1,"minecraft:fire_charge":1,"minecraft:carrot":146,"minecraft:redstone":47,"minecraft:arrow":66,"minecraft:beetroot_seeds":1,"minecraft:peony":14,"aquaculture:brown_trout":1,"minecraft:hay_block":103,"aquaculture:carp":3,"minecraft:gold_ingot":3,"minecraft:mutton":20,"minecraft:rail":7,"minecraft:white_wool":14,"minecraft:birch_leaves":20,"minecraft:glow_ink_sac":2,"minecraft:crimson_stem":10,"minecraft:salmon":35,"minecraft:leather":19,"minecraft:torchflower":2,"minecraft:crimson_fungus":4,"minecraft:oak_log":376,"biomesoplenty:jacaranda_planks":13,"minecraft:nether_wart_block":1,"minecraft:gunpowder":13,"minecraft:cobblestone_stairs":10,"tombstone:gift":1,"minecraft:white_banner":2,"minecraft:cooked_mutton":1,"minecraft:apple":9,"minecraft:warped_stem":12,"minecraft:iron_ingot":66,"minecraft:music_disc_far":1,"tombstone:bag_of_seeds":1,"minecraft:acacia_sapling":1,"minecraft:green_dye":4,"minecraft:oak_slab":32,"minecraft:warped_fungus":6,"minecraft:pumpkin":5,"minecraft:quartz":18,"minecraft:dandelion":3,"minecraft:dripstone_block":49,"minecraft:gravel":54,"minecraft:white_bed":9,"minecraft:crying_obsidian":2,"minecraft:spider_eye":15,"minecraft:slime_ball":7,"evilcraft:dark_gem":8,"grimoireofgaia:rotten_heart":1,"minecraft:warped_roots":2,"minecraft:melon_seeds":6,"minecraft:warped_nylium":1,"minecraft:coal":448,"minecraft:ender_pearl":3},"minecraft:broken":{"minecraft:iron_shovel":1,"minecraft:shears":6,"minecraft:stone_pickaxe":2,"minecraft:stone_axe":1,"minecraft:iron_sword":1,"minecraft:wooden_axe":2,"minecraft:stone_sword":2,"minecraft:iron_axe":2,"minecraft:iron_pickaxe":3,"minecraft:iron_helmet":1},"minecraft:dropped":{"minecraft:spruce_sign":1,"minecraft:crimson_stem":5,"minecraft:iron_sword":2,"minecraft:warped_stem":6,"minecraft:brown_mushroom":2,"minecraft:lapis_lazuli":5,"minecraft:warped_fungus":3,"minecraft:cooked_beef":5,"minecraft:glow_ink_sac":2,"minecraft:ender_pearl":1,"minecraft:baked_potato":8,"connectedglass:borderless_glass":4,"minecraft:cooked_porkchop":5,"delightful:cantaloupe_seeds":1,"minecraft:rail":19,"sophisticatedbackpacks:gold_backpack":1,"minecraft:flint":5,"minecraft:dirt":102,"minecraft:grass":2,"minecraft:crimson_roots":9,"minecraft:gold_nugget":11,"minecraft:iron_pickaxe":2,"minecraft:sugar":2,"minecraft:acacia_door":2,"paraglider:paraglider":1,"minecraft:white_wool":1,"quark:oak_chest":5,"minecraft:bone":7,"minecraft:oak_door":2,"minecraft:gravel":18,"minecraft:crimson_fungus":2,"minecraft:cobbled_deepslate":1,"minecraft:iron_nugget":13,"minecraft:pink_dye":2,"minecraft:wheat":1,"minecraft:beetroot":1,"minecraft:rotten_flesh":66,"minecraft:glowstone_dust":41,"minecraft:cooked_mutton":1,"minecraft:carrot":116,"paraglider:deku_leaf":2,"minecraft:poppy":2,"supplementaries:ash":1,"minecraft:gunpowder":3,"minecraft:melon_seeds":3,"minecraft:arrow":4,"minecraft:powered_rail":4,"minecraft:warped_wart_block":1,"minecraft:scaffolding":1,"minecraft:oak_leaves":45,"minecraft:white_glazed_terracotta":2,"minecraft:bread":239,"minecraft:iron_ingot":2,"minecraft:oak_slab":15,"minecraft:birch_leaves":9,"minecraft:wheat_seeds":167,"minecraft:feather":2,"minecraft:lead":2,"minecraft:cobblestone":9,"delightful:green_tea_leaf":5,"minecraft:granite":14,"minecraft:coal":1,"minecraft:stick":11,"grimoireofgaia:rotten_heart":1,"evilcraft:blood_extractor":1,"minecraft:milk_bucket":1,"minecraft:diorite":26,"minecraft:torch":22,"tombstone:grave_key":2,"minecraft:rose_bush":2,"minecraft:melon_slice":5,"minecraft:fire_charge":2,"minecraft:iron_leggings":3,"minecraft:pumpkin":1,"minecraft:string":31,"minecraft:iron_shovel":1,"minecraft:bucket":2,"minecraft:acacia_planks":38,"minecraft:cocoa_beans":36,"minecraft:tuff":2,"minecraft:raw_iron":1,"minecraft:light_gray_wool":1,"minecraft:iron_boots":4,"minecraft:iron_hoe":1,"minecraft:flint_and_steel":2,"minecraft:target":1,"minecraft:hay_block":40,"minecraft:potato":1,"minecraft:peony":12,"minecraft:bundle":1,"minecraft:diamond_pickaxe":1,"minecraft:iron_chestplate":3,"minecraft:andesite":17,"quark:birch_chest":1,"minecraft:oak_boat":2,"minecraft:oak_sapling":3,"minecraft:spider_eye":14,"minecraft:bamboo":8,"minecraft:bow":3,"minecraft:stone_pickaxe":1},"minecraft:used":{"minecraft:iron_shovel":876,"minecraft:ladder":14,"minecraft:oak_sign":9,"minecraft:chest":13,"minecraft:shield":209,"minecraft:iron_sword":810,"minecraft:mutton":1,"minecraft:lily_of_the_valley":2,"minecraft:carrot":29,"minecraft:tuff":4,"minecraft:acacia_sapling":1,"minecraft:milk_bucket":1,"minecraft:obsidian":10,"minecraft:glass":188,"minecraft:jungle_sapling":2,"minecraft:lava_bucket":12,"onlyhammersandexcavators:stone_hammer":283,"delightful:green_tea_leaf":1,"farmersdelight:cutting_board":1,"minecraft:bow":53,"minecraft:furnace":29,"minecraft:oak_sapling":23,"minecraft:beetroot_seeds":1,"grimoireofgaia:meat":2,"minecraft:egg":449,"minecraft:potato":15,"minecraft:diorite":20,"minecraft:torchflower":2,"minecraft:birch_leaves":15,"minecraft:stone_pickaxe":363,"minecraft:oak_planks":439,"minecraft:wooden_pickaxe":83,"minecraft:composter":4,"minecraft:clay":1,"minecraft:oak_leaves":1381,"minecraft:cookie":32,"onlyhammersandexcavators:stone_excavator":152,"farmersdelight:rice":4,"minecraft:dripstone_block":14,"minecraft:shears":1571,"biomesoplenty:jacaranda_planks":1,"sophisticatedbackpacks:backpack":2,"minecraft:crying_obsidian":2,"minecraft:acacia_door":1,"minecraft:bread":92,"minecraft:melon_slice":165,"aquaculture:worm_farm":1,"minecraft:gravel":22,"minecraft:torchflower_seeds":2,"minecraft:andesite":16,"minecraft:oak_boat":25,"minecraft:bone_meal":124,"delightful:acorn":1,"minecraft:oak_fence":5,"minecraft:oak_trapdoor":36,"minecraft:rose_bush":2,"minecraft:enchanting_table":1,"minecraft:stone_sword":224,"minecraft:acacia_log":1,"minecraft:flint_and_steel":1,"minecraft:cooked_salmon":17,"minecraft:stone_hoe":66,"minecraft:cooked_chicken":6,"minecraft:netherrack":56,"minecraft:torch":303,"minecraft:dirt":840,"minecraft:warped_wart_block":42,"minecraft:hopper":8,"minecraft:granite":36,"minecraft:oak_fence_gate":8,"minecraft:iron_hoe":170,"minecraft:wooden_axe":121,"aquaculture:iron_fishing_rod":4,"minecraft:iron_axe":742,"minecraft:jungle_log":8,"connectedglass:borderless_glass":73,"evilcraft:flesh_humanoid":1,"minecraft:melon_seeds":7,"minecraft:glowstone":15,"minecraft:minecart":4,"tombstone:gift":12,"minecraft:cooked_beef":26,"minecraft:acacia_planks":19,"minecraft:cobbled_deepslate":78,"minecraft:pointed_dripstone":6,"minecraft:wheat_seeds":88,"minecraft:cooked_mutton":13,"minecraft:water_bucket":198,"minecraft:cobblestone_stairs":103,"minecraft:baked_potato":4,"minecraft:cauldron":3,"minecraft:salmon":1,"minecraft:rail":5,"minecraft:crafting_table":44,"minecraft:oak_slab":37,"minecraft:red_bed":1,"minecraft:white_bed":12,"minecraft:oak_log":23,"tombstone:bag_of_seeds":1,"minecraft:apple":2,"minecraft:diamond_pickaxe":534,"minecraft:chicken":2,"minecraft:iron_pickaxe":1330,"tombstone:magic_scroll":1,"minecraft:stone_axe":157,"minecraft:enchanted_book":4,"minecraft:cobblestone":427,"minecraft:porkchop":12,"minecraft:white_banner":1,"minecraft:cooked_porkchop":34,"minecraft:bucket":210,"alexsmobs:animal_dictionary":1,"quark:oak_chest":2}},"DataVersion":3465}